﻿Stupac1;Stupac2;Stupac3;Stupac4;Stupac5;Stupac6;
NAZIV ŠKOLE;Mjesto i poštanski broj;Ulica i kućni broj;Mrežna stranica; e-mail adresa škole;Telefon ravnatelja (048);
OSNOVNE ŠKOLE;;;;;;
OŠ Koprivnički Bregi, ;Koprivnički Bregi 48000;Trg svetog Roka 2;www.os-koprivnicki-bregi.skole.hr;ured@os-koprivnicki-bregi.skole.hr;220-596;
OŠ Fran Koncelak Drnje ;Drnje 48316, Đelekovec;Pemija 72;http://os-fkoncelak-drnje.skole.hr;ured@os-fkoncelak-drnje.skole.hr;626-895;
OŠ Gola ;Gola 48331;Trg kardinala Alojzija Stepinca 4a;www.os-gola.skole.hr;ured@os-gola.skole.hr;833-005;
OŠ Legrad ;Legrad 48316, Đelekovec;Petra Zrinskog 10;http://os-legrad.skole.hr;ured@os-legrad.skole.hr;220-493;
OŠ Mihovil Pavlek Miškina Đelekovec ;Đelekovec 48316;Mirka Viriusa 28;os-mpavlek-miskina-djelekovec.skole.hr;osnovna.skola.mihovil.pavlek.miskina@kc.t-com.hr;221-543;
"OŠ ""Prof. Blaž Mađer"" Novigrad Podr.";Novigrad Podravski 48325;Gajeva 17a;www.os-bmadjera-novigrad-podravski.skole.hr;ured@oš-bmadjera-novigrad-podravski@skole.hr;220-456;
OŠ Andrije Palmovića Rasinja;Rasinja 48312;Školska ulica15;http://os-apalmovica-rasinja.skole.hr/;ured@os-apalmovica-rasinja.skole.hr;837-585;
OŠ Sokolovac ;Sokolovac 48306;Trg dr. Tomislava Bardeka 10, Sokolovac;http://os-sokolovac.skole.hr/;ured@os-sokolovac.skole.hr;270-540 ;
"OŠ Sveti Petar Orehovec 
";Sveti Petar Orehovec 48267;Sveti Petar Orehovec 90;os-sveti-petar-orehovec.skole.hr;ured@os-sveti-petar-orehoevec.skole.hr;856-257;
OŠ Sidonije Rubido Erdödy Gornja Rijeka ;Gornja Rijeka 48268;Jablanova 1;http://os-srerdody-gornjarijeka.skole.hr/;os.sidonije.rubido.erddy.gornja.rijeka@kc.t-com.hr;270-225;
OŠ Kloštar Podravski;Kloštar Podravski 48362;1. svibnja 50;www.os-klostar-podravski.skole.hr;ured@os-klostar-podravski.skole.hr;816-344;
"OŠ ""Grigor Vitez"" Sv. Ivan Žabno ";Sveti Ivan Žabno  48214;Trg Karla Lukaša 7;http://os-gvitez-zabno.skole.hr/;ured@os-gvitez-zabno.skole.hr;851-408;
OŠ Molve ;Molve 48327;Trg kralja Tomislava 10;http://os-molve.skole.hr/;ivan.jakovic1@skole.hr;892-027;
OŠ Ferdinandovac ;Ferdinandovac 48356;Dravska 66 ;www.os-ferdinandovac.skole.hr;ured@os-ferdinandovac.skole.hr;817-709;
OŠ prof. Franje Viktora Šignjara Virje; Virje 48326;Ivana Gundulića 5a;http://os-fvsignjara-virje.skole.hr/skola/kontakti;skola@os-fvsignjara-virje.skole.hr;897-060 (101);
OŠ Ivan Lacković Croata Kalinovac;Kalinovac 48361;Dravska 6;www.os-kalinovac.skole.hr;ured@os-kalinovac.skole.hr;883-272;
OŠ Kalnik ;Kalnik 48267;Trg Stjepana Radića 9;http://www.os-kalnik.skole.hr/;os-kalnik@kc.t-com.hr;857-414;
OŠ Koprivnički Ivanec;Kunovec 48000;Seljačke bune 10;www.os-koprivnicki-ivanec.skole.hr;ured@os-koprivnicki-ivanec.skole.hr;222-138;
OŠ  Đurđevac;Đurđevac 48350;Basaričekova 5/d;https://www.os-djurdjevac.hr;ured@os-djurdjevac.skole.hr;812-414;
OŠ Ljudevita Modeca Križevci;Križevci 48260;Franje Račkog;os-ljmodeca-kc.skole.hr;krizevci@os.ljmodeca-kc.skole.hr;681-677;
"OŠ ""Vladimir Nazor"" Križevci ";Križevci 48260;Bana Josipa Jelačića 23;www.os-vnazor-kc.skole.hr;ravnatelj@os-vnazor-kc.skole.hr;682-181;
GŠ Alberta Štrige Križevci;Križevci 48260;A. G. Matoša 4;www.glazbenaskolakrizevci.hr;tajnistvo@ss-glazbena-astrige-kc.skole.hr;711-274;
Centar za odgoj, obrazovanje i rehabilitaciju Križevci;Križevci 48260;Matije Gupca 36;www.centar-odgoj-obrazovanjeirehabilitacija-kc.skole.hr;ured@centar-odgoj-obrazovanjeirehabilitacija-kc.skole.hr;712-630;
"OŠ ""Antun Nemčić Gostovinski"" Koprivnica";Koprivnica 48000;Školska 5;http://www.osang-kc.hr/;ang@os-angostovinski-kc.skole.hr;621-158;
"OŠ ""Braća Radić"" Koprivnica";Koprivnica 48000;Miklinovec 6a;http://os-braca-radic-koprivnica.skole.hr/;ured@os-braca-radic-koprivnica.skole.hr;220-448;
"OŠ ""Đuro Ester"" Koprivnica ";Koprivnica 48000;Trg slobode 5;http://os-gjuro-ester-koprivnica.skole.hr/;ured@os-gjuro-ester-koprivnica-skole.hr;623-433;
"COOR ""Podravsko sunce""";Koprivnica 48000;Hercegovačka 1 ;https://www.podravsko-sunce.hr/;ured@centar-podravskosunce-koprivnica.skole.hr;240-341;
UŠ Fortunat Pintarić Koprivnica;Koprivnica 48000;Svilarska 12;www.umjetnicka.net;ravnatelj@glazbena.com;623-356;
Stupac1;Stupac2;Stupac3;Stupac4;Stupac5;Stupac6;
SREDNJE ŠKOLE;;;;;;
Strukovna škola Đurđevac;48350 Đurđevac;Dr.I.Kranjčeva 5;ured@ss-strukovna-djurdjevac.skole.hr ;http://ss-strukovna-djurdjevac.skole.hr/;812-367;
Gimnazija Dr. Ivana Kranjčeva Đurđevac ;48350 Đurđevac;Dr.Ivana Kranjčeva 5;gimnik@gimnazija-ikranjceva-djurdjevac.skole.hr;http://gimnazija-ikranjceva-djurdjevac.skole.hr/;812-021;
"Gimnazija ""Fran Galović"" Koprivnica";48000 Koprivnica;dr.Ž. Selingera 3a;ured@gimnazija-fgalovic-koprivnica.skole.hr;http://www.gimnazija-fgalovic-koprivnica.skole.hr/;279-803;
Obrtnička škola Koprivnica ;48000 Koprivnica;Trg slobode 7;ured@ss-obrtnicka-koprivnica.skole.hr;http://ss-obrtnicka-koprivnica.skole.hr/;621-083;
Srednja škola Koprivnica ;48000 Koprivnica;Trg slobode 7;srednja.skola.koprivnica@kc.t-com.hr;http://ss-koprivnica.skole.hr/;623-760;
Gimnazija I. Z. Dijankovečkoga Križevci;48260 Križevci;Milislava Demerca 8; ured@gimnazija-izdijankoveckoga-kc.skole.hr;http://gimnazija-izdijankoveckoga-kc.skole.hr/;270-155;
"Srednja škola ""Ivan Seljanec"" Križevci ";48260 Križevci;Trg svetog Florijana 14b;ured@ss-iseljanec-kc.skole.hr;http://ss-iseljanec-kc.skole.hr/skola/kontakti;279-490;
Srednja gospodarska škola Križevci;48260 Križevci;Milislava Demerca;ured@ss-gospodarska-kc.skole.hr;www.ss-gospodarska-kc.skole.hr/;681-247;
Glazbena škola Alberta Štrige Križevci;48260 Križevci;A. G. Matoša 4;tajnistvo@ss-glazbena-astrige-kc.skole.hr;www.glazbenaskolakrizevci.hr;711-274;
UŠ Fortunat Pintarić Koprivnica;48000 Koprivnica;Svilarska 12;ravnatelj@glazbena.com;www.umjetnicka.net;623-356;
Učenički dom Križevci ;48260 Križevci;Ratarna 10;ured@dom-ucenicki-kc.skole.hr;www.ucenicki-dom-krizevci.hr;681-067;
