﻿;;;;;;;;;;;;;;;;;;;
;;;;;;;;;;;;;;;;;;;
;;;PLAN NABAVE;;;;;;;;;;;;;;;;
;;;;;;;;;;;;;;;;;;;
;;;;;;;;;;;;;;;;;;;
;;;;;;;;;;;;;;;;;;;
;Naziv naručitelja: Koprivničko-križevačka županija;;;;;;;;;;;;;;;;;;
;;;;;;;;;;;;;;;;;;;
;Godina: 2021;;;;;;;;;;;;;;;;;;
;;;;;;;;;;;;;;;;;;;
;Rbr;Evidencijski broj nabave;;Predmet nabave;Brojčana oznaka predmeta nabave iz CPV-a;Procijenjena vrijednost nabave (u kunama);Vrsta postupka (uključujući jednostavne nabave);Posebni režim nabave;Predmet podijeljen na grupe;Sklapa se Ugovor/okvirni sporazum;Ugovor/okvirni sporazum se financira iz fondova EU;Planirani početak postupka;Planirano trajanje ugovora ili okvirnog sporazuma;Vrijedi od;Vrijedi do;Napomena;;;Status promjene
;1;JN 1/2021;;Županovo vino;15930000-6 ;50.000,00;Postupak jednostavne nabave;;;;;;;30.12.2020;;;;;
;2;JN 2/2021;;Uredski materijal;30192000-1 ;40.000,00;Postupak jednostavne nabave;;;;;;;30.12.2020;;;;;
;3;NMV 1/2021;;Računala i računalna oprema;30211400-5 ;270.000,00;Otvoreni postupak;;NE;Ugovor;;travanj 2021.;30 dana;30.12.2020;;;;;
;4;JN 3/2021;;Osiguranje službenih vozila za 2021. godinu;66514110-0;50.000,00;Postupak jednostavne nabave;;;;;;;30.12.2020;;;;;
;5;JN 4/2021;;Usluga redovitog godišnjeg održavanja sustava grijanja i hlađenja za 2021. godinu;45259000-7 ;80.000,00;Postupak jednostavne nabave;;;;;;;30.12.2020;;;;;
;6;JN 5/2021;;Održavanje i popravci službenih vozila;50110000-9;50.000,00;Postupak jednostavne nabave;;;;;;;30.12.2020;;;;;
;7;JN 6/2021;;Naftni derivati za potrebe Koprivničko-križevačke županije za 2022. godinu;09000000-3 ;104.000,00;Postupak jednostavne nabave;;;;;;;30.12.2020;;;;;
;8;JN 7/2021;;Usluga održavanja računalnog programa Proračunsko računovodstvo - riznica Koprivničko-križevačke županije za 2022. godinu;72267000-4;108.000,00;Postupak jednostavne nabave;;;;;;;30.12.2020;;;;;
;9;JN 8/2021;;Uredski papir i proizvodi od papira za potrebe Koprivničko-križevačke županije za 2022. godinu;30197600-2;64.000,00;Postupak jednostavne nabave;;;;;;;30.12.2020;;;;;
;10;JN 9/2021;;Usluga održavanja sustava upravljanja dokumentima;72267000-4;83.000,00;Postupak jednostavne nabave;;;;;;;30.12.2020;;;;;
;11;JN 10/2021;;Usluga dobrovoljnog zdravstvenog osiguranja zaposlenica;66512210-7;198.000,00;Postupak jednostavne nabave;;;;;;;30.12.2020;;;;;
;12;JN 11/2021;;Osiguranje zaposlenika od posljedica nesretnog slučaja;66512100-3;45.000,00;Postupak jednostavne nabave;;;;;;;30.12.2020;;;;;
;13;NMV 2/2021;;Poštanske usluge za 2022. godinu;64110000-0;395.000,00;Otvoreni postupak;Društvene i posebne usluge;NE;Ugovor;;studeni 2021.;31.12.2022.;30.12.2020;;;;;
;14;NMV 3/2021;;Usluga čišćenja poslovnog prostora Koprivničko-križevačke županije u 2022. godini;90910000-9;300.000,00;Otvoreni postupak;;NE;Ugovor;;listopad 2021.;31.12.2022.;30.12.2020;;;;;
;15;JN 12/2021;;Higijenski materijal za potrebe Koprivničko-križevačke županije za 2022. godinu;33760000-5;35.000,00;Postupak jednostavne nabave;;;;;;;30.12.2020;;;;;
;16;NMV 4/2021;;Izgradnja dvorane Osnovne škole Kloštar Podravski;45214200-2;9.500.000,00;Otvoreni postupak;;NE;Ugovor;;siječanj 2021.;10 mjeseci;30.12.2020;;;;;
;17;NMV 5/2021;;Izgradnja dvorane Osnovne škole Andrije Palmovića Rasinja;45214200-2;9.500.000,00;Otvoreni postupak;;NE;Ugovor;;siječanj 2021.;10 mjeseci;30.12.2020;;;;;
;18;JN 13/2021;;Stručni nadzor kod izvođenja radova izgradnje dvorane Osnovne škole Kloštar Podravski;71247000-1;100.000,00;Postupak jednostavne nabave;;;;;;;30.12.2020;;;;;
;19;JN 14/2021;;Stručni nadzor kod izvođenja radova izgradnje dvorane Osnovne škole Andrije Palmovića Rasinja;71247000-1;100.000,00;Postupak jednostavne nabave;;;;;;;30.12.2020;;;;;
;20;JN 15/2021;;Radovi obnove krovišta na dvorani Gimnazije I. Z. Dijankovečkoga Križevci;45261000-4 ;240.000,00;Postupak jednostavne nabave;;;;;;;30.12.2020;;;;;
;21;JN 16/2021;;Radovi obnove krovišta na PŠ Velika Mučna;45261000-4 ;128.000,00;Postupak jednostavne nabave;;;;;;;30.12.2020;;;;;
;22;JN 17/2021;;Radovi obnove vanjskog igrališta Osnovne škole Kalnik;45236210-5 ;120.000,00;Postupak jednostavne nabave;;;;;;;30.12.2020;;;;;
;23;NMV 6/2021;;Izrada projektne dokumentacije za rekonstrukciju zgrade za potrebe Učeničkog doma u Koprivnici;71320000-7;240.000,00;Otvoreni postupak;;NE;Ugovor;;siječanj 2021.;90 dana;30.12.2020;;;;;
;24;NVV 1/2021;;Sportska oprema za dvorane osnovnih škola;37420000-8 ;3.232.000,00;Otvoreni postupak;;DA;Ugovor;;travanj 2021.;45 dana;30.12.2020;;;;;
;25;NMV 7/2021;;Uredski namještaj za potrebe osnovnih škola;39130000-2 ;480.000,00;Otvoreni postupak;;DA;Ugovor;;travanj 2021.;45 dana;30.12.2020;;;;;
;26;JN 18/2021;;Drva za ogrijev za osnovne škole kojima je osnivač Koprivničko-križevačka županija;09111400-4 ;52.000,00;Postupak jednostavne nabave;;;;;;;30.12.2020;;;;;
;27;JN 19/2021;;Osiguranje nefinancijske imovine i javne odgovornosti škola kojima je osnivač Koprivničko-križevačka županija;66510000-8;104.080,00;Postupak jednostavne nabave;;;;;;;30.12.2020;;;;;
;28;JN 20/2021;;Usluga održavanja računalne mreže i opreme u sklopu projekta e-škole;50312300-8;104.800,00;Postupak jednostavne nabave;;;;;;;30.12.2020;;;;;
;29;JN 21/2021;;Škola plivanja - obuka učenika neplivača osnovnih škola;80410000-1;112.000,00;Postupak jednostavne nabave;;;;;;;30.12.2020;;;;;
;30;NVV 2/2021;;Prijevoz učenika osnovnih škola kojima je osnivač Koprivničko-križevačka županija, za 2022.-2024.;60130000-8;17.520.000,00;Otvoreni postupak;;NE;Okvirni sporazum;;rujan 2021.;31.12.2024.;30.12.2020;;;;;
;31;NMV 8/2021;;Materijal i sredstva za čišćenje za škole kojima je osnivač Koprivničko-križevačka županija, za 20222.-2023. godinu;39000000-2 ;620.000,00;Otvoreni postupak;;;Okvirni sporazum;;listopad 2021.;31.12.2023.;30.12.2020;;;;;
;32;NMV 9/2021;;Uredski materijal i papir za škole kojima je osnivač Koprivničko-križevačka županija, za 2022.-2023. godinu;30192000-1 ;535.000,00;Otvoreni postupak;;NE;Okvirni sporazum;;listopad 2021.;31.12.2023.;30.12.2020;;;;;
;33;NMV 10/2021;;Lož ulje za osnovne škole kojima je osnivač Koprivničko-križevačka županija, za 2022.-2023. godinu;09135100-5 ;800.000,00;Otvoreni postupak;;NE;Okvirni sporazum;;listopad 2021.;31.12.2023.;30.12.2020;;;;;
;34;JN 22/2021;;Licence;48000000-8 ;80.000,00;Postupak jednostavne nabave;;;;;;;30.12.2020;;;;;
;35;JN 23/2021;;Razvoj softvera za digitalizaciju poslovnih procesa Koprivničko-križevačke županije;48000000-8 ;172.000,00;Postupak jednostavne nabave;;;;;;;30.12.2020;;;;;
;36;JN 24/2021;;Usluge u pokretnoj mreži za potrebe e-sjednica Županijske skupštine;64200000-8;35.000,00;Postupak jednostavne nabave;;;;;;;30.12.2020;;;;;
;37;JN 25/2021;;Unutrašnji građevinski radovi;45454000-4 ;80.000,00;Postupak jednostavne nabave;;;;;;;30.12.2020;;;;;
;38;JN 26/2021;;Usluge čišćenja i pranja vozila;50112300-6 ;70.000,00;Postupak jednostavne nabave;;;;;;;30.12.2020;;;;;
;39;JN 27/2021;;Rekonstrukcija komunikacijske mreže;45314320-0 ;220.000,00;Postupak jednostavne nabave;;;;;;;30.12.2020;;;;;
;40;JN 28/2021;;Zaštitna oprema i sredstva;33140000-3 ;184.000,00;Postupak jednostavne nabave;;;;;;;30.12.2020;;;;;
;41;NMV 11/2021;;Rekonstrukcija i dogradnja Obrtničke škole Koprivnica i Strukovne škole Đurđevac za potrebe Centra kompetentnosti u Koprivničko-križevačkoj županiji;45262800-9 ;22.500.000,00;Otvoreni postupak;;DA;Ugovor;;siječanj 2021.;10 mjeseci;30.12.2020;;;;;
;42;JN 29/2021;;Stručni nadzor kod radova rekonstrukcije i dogradnje Obrtničke škole Koprivnica i Strukovne škole Đurđevac za potrebe Centra kompetentnosti u Koprivničko-križevačkoj županiji;71247000-1;176.000,00;Postupak jednostavne nabave;;;;;;;30.12.2020;;;;;
;43;NVV 3/2021;;Usluga uspostave Centra kompetentnosti u Koprivničko-križevačkoj županiji te razvoja i primjene mehanizama osiguranja kvalitete;79410000-1;1.840.000,00;Otvoreni postupak;;DA;Ugovor;;siječanj 2021.;listopad 2023.;30.12.2020;;;;;
;44;NMV 12/2021;;Rekonstrukcija i uređenje stambene zgrade;45262800-9 ;3.230.000,00;Otvoreni postupak;;NE;Ugovor;;siječanj 2021.;10 mjeseci;30.12.2020;;;;;
;45;JN 30/2021;;Stručni nadzor kod radova rekonstrukcije i uređenja stambene zgrade;71247000-1;50.000,00;Postupak jednostavne nabave;;;;;;;30.12.2020;;;;;
;46;JN 31/2021;;Promotivni materijali;22462000-6 ;36.000,00;Postupak jednostavne nabave;;;;;;;30.12.2020;;;;;
;47;JN 32/2021;;Objave u tjednicima i portalima;79341000-6;32.000,00;Postupak jednostavne nabave;;;;;;;30.12.2020;;;;;
;48;NMV 13/2021;;Namještaj i oprema;39100000-3 ;256.000,00;Otvoreni postupak;;;Ugovor;;listopad 2021.;60 dana;30.12.2020;;;;;
;49;JN 33/2021;;Strateška procjena utjecaja na okoliš za potrebe Plana razvoja Koprivničko-križevačke županije za razdoblje 2021.-2030;90711000-4;148.000,00;Postupak jednostavne nabave;;;;;;;30.12.2020;;;;;
;50;JN 34/2021;;Usluga izrade Akcijskog godišnjeg plana EnU Koprivničko-križevačke županije;71314300-5;40.000,00;Postupak jednostavne nabave;;;;;;;30.12.2020;;;;;
;51;NMV 14/2021;;Opremanje i postavljanje odmorišta na biciklističkiim rutama;45233293-9 ;313.000,00;Otvoreni postupak;;NE;Ugovor;;lipanj 2021;prosinac 2021.;30.12.2020;;;;;
;52;JN 35/2021;;Web gis platforma - nadogradnja modula;72267000-4;40.000,00;Postupak jednostavne nabave;;;;;;;30.12.2020;;;;;
;53;NMV 15/2021;;Radovi na EnU javne zgrade na Florijanskom trgu;45454000-4 ;3.555.000,00;Otvoreni postupak;;NE;Ugovor;;lipanj 2021.;2 godine;30.12.2020;;;;;
;54;JN 36/2021;;Nadzor nad radovima na EnU javne zgrade na Florijaanskom trgu;71247000-1;55.000,00;Postupak jednostavne nabave;;;;;;;30.12.2020;;;;;
;55;NMV 16/2021;;Radovi na sanaciji zemljišta od onečišćenosti i poroznosti tla - priprema građ. zemljišta za gradnju RCGO;45453100-8 ;3.300.000,00;Otvoreni postupak;;NE;Ugovor;;ožujak 2021.;31.12.2021.;30.12.2020;;;;;
;56;JN 37/2021;;Stručni nadzor nad radovima na sanaciji zemljišta od onečišćenosti i poroznosti tla;71247000-1;20.000,00;Postupak jednostavne nabave;;;;;;;30.12.2020;;;;;
;;;;;;;;;;;;;;;;;;;
;;;;;;;;;;;;;;;;;;;
Datum zadnje izmjene plana: 30.12.2020 14:12;;;;;;;;;;;;;;;;;;;
;;;;;;;;;;;;;;;;;;;
Datum objave plana nabave: 30.12.2020 14:12;;;;;;;;;;;;;;;;;;;
