[{"State":"Alabama","NumberOfIncidents": 11,"IncidentCost":"19.115$"},
{"State":"California","NumberOfIncidents": 9,"IncidentCost":"1.991$"},
{"State":"Florida","NumberOfIncidents": 12,"IncidentCost":"16.390$"},
{"State":"Georgia","NumberOfIncidents": 12,"IncidentCost":"15.561$"},
{"State":"Illinois","NumberOfIncidents": 15,"IncidentCost":"19.338$"},
{"State":"Iowa","NumberOfIncidents": 14,"IncidentCost":"22.401$"},
{"State":"Montana","NumberOfIncidents": 10,"IncidentCost":"18.971$"},
{"State":"Ohio","NumberOfIncidents": 10,"IncidentCost":"12.101$"},
{"State":"Texas","NumberOfIncidents": 17,"IncidentCost":"22.462$"}]
