[{"GODINA":2000,"KOZE_UKUPNO":79393},
    {"GODINA":2001,"KOZE_UKUPNO":92943},
    {"GODINA":2002,"KOZE_UKUPNO":96534},
    {"GODINA":2003,"KOZE_UKUPNO":86087},
    {"GODINA":2004,"KOZE_UKUPNO":126060},
    {"GODINA":2005,"KOZE_UKUPNO":134483},
    {"GODINA":2006,"KOZE_UKUPNO":102877},
    {"GODINA":2007,"KOZE_UKUPNO":91902},
    {"GODINA":2008,"KOZE_UKUPNO":83877},
    {"GODINA":2009,"KOZE_UKUPNO":76119},
    {"GODINA":2010,"KOZE_UKUPNO":75215},
    {"GODINA":2011,"KOZE_UKUPNO":70030},
    {"GODINA":2012,"KOZE_UKUPNO":71978},
    {"GODINA":2013,"KOZE_UKUPNO":68948},
    {"GODINA":2014,"KOZE_UKUPNO":60697},
    {"GODINA":2015,"KOZE_UKUPNO":62057},
    {"GODINA":2016,"KOZE_UKUPNO":75530},
    {"GODINA":2017,"KOZE_UKUPNO":76771},
    {"GODINA":2018,"KOZE_UKUPNO":80064}]